{
  "returns": {
    "2021-04": 0.06504638890590897,
    "2021-05": 0.008900852032429851,
    "2021-06": 0.002642865164742547,
    "2021-07": 0.08685815441979705,
    "2021-08": 0.02836478642760354,
    "2021-09": 0.003036641123716821,
    "2021-10": -0.0389579443151632,
    "2021-11": 0.02183637827733698,
    "2021-12": -0.0008183202904040732,
    "2022-01": -0.03148523378512036,
    "2022-02": 0.03994602765117583,
    "2022-03": -0.02073887222834569,
    "2022-04": -0.03028787966341828,
    "2022-05": -0.0484969892678262,
    "2022-06": 0.08732434530504896,
    "2022-07": 0.03502984169422874,
    "2022-08": -0.03744241848626417,
    "2022-09": 0.0536931577011639,
    "2022-10": 0.04142472451938506,
    "2022-11": -0.03481376782734769,
    "2022-12": -0.02447627885220938,
    "2023-01": -0.02028072255941904,
    "2023-02": 0.003224742545449466,
    "2023-03": 0.04062558504586766,
    "2023-04": 0.02598396848187101,
    "2023-05": 0.03532082920557467,
    "2023-06": 0.02943084608186197,
    "2023-07": -0.02531158461791272,
    "2023-08": 0.01997008301729397,
    "2023-09": -0.02844956791824016,
    "2023-10": 0.05521870494244152,
    "2023-11": 0.07938399947303942,
    "2023-12": -0.0002623471921975318,
    "2024-01": 0.01183398333518815,
    "2024-02": 0.01565312867996771,
    "2024-03": 0.01244907326530242,
    "2024-04": -0.003280286836955915,
    "2024-05": 0.06568373117304005,
    "2024-06": 0.03917231541701116,
    "2024-07": 0.01141229945481759,
    "2024-08": 0.02278298811813317,
    "2024-09": -0.0622025242988069,
    "2024-10": -0.003067503721212228,
    "2024-11": -0.0201523691832125,
    "2024-12": -0.005768726574899463,
    "2025-01": -0.05885986068311189,
    "2025-02": 0.06303590285390537,
    "2025-03": 0.03464592443705139,
    "2025-04": 0.0171158293008089,
    "2025-05": 0.03096282475605561,
    "2025-06": -0.02934121103153298,
    "2025-07": -0.01378775757714357,
    "2025-08": 0.007542929315341729,
    "2025-09": 0.04514223328634981,
    "2025-10": 0.01869402640831641,
    "2025-11": -0.002799288307688386,
    "2025-12": -0.03095911268612617,
    "2026-01": -0.00560807079634007,
    "2026-02": -0.1130819148694381,
    "2026-03": 0.08353034636189216,
    "2026-04": 0.0
  },
  "equity": {
    "2021-04": 1.065046388905909,
    "2021-05": 1.074526209221234,
    "2021-06": 1.077366037108188,
    "2021-07": 1.170944062725976,
    "2021-08": 1.204157640983868,
    "2021-09": 1.207814235595918,
    "2021-10": 1.160760275862511,
    "2021-11": 1.18610707633555,
    "2021-12": 1.185136460848393,
    "2022-01": 1.147822162311311,
    "2022-02": 1.193673098145631,
    "2022-03": 1.168917664280775,
    "2022-04": 1.133513626728595,
    "2022-05": 1.078541628538204,
    "2022-06": 1.172724570134544,
    "2022-07": 1.21380492617729,
    "2022-08": 1.168357134170671,
    "2022-09": 1.231089918026976,
    "2022-10": 1.282087478739836,
    "2022-11": 1.237453182920638,
    "2022-12": 1.207164933748918,
    "2023-01": 1.182682756644097,
    "2023-02": 1.186496604047217,
    "2023-03": 1.23469872274157,
    "2023-04": 1.266781095437893,
    "2023-05": 1.311524854150706,
    "2023-06": 1.350124140265752,
    "2023-07": 1.315950358844729,
    "2023-08": 1.342229996757496,
    "2023-09": 1.304044133302844,
    "2023-10": 1.376051761531615,
    "2023-11": 1.485288253843916,
    "2023-12": 1.484898592640916,
    "2024-01": 1.502470857840673,
    "2024-02": 1.525989227516355,
    "2024-03": 1.544986379211768,
    "2024-04": 1.539918380728764,
    "2024-05": 1.641065965676975,
    "2024-06": 1.705350319304596,
    "2024-07": 1.724812287823868,
    "2024-08": 1.76410866568337,
    "2024-09": 1.654376653540464,
    "2024-10": 1.649301846999442,
    "2024-11": 1.616064507284155,
    "2024-12": 1.606741873014233,
    "2025-01": 1.512169270214893,
    "2025-02": 1.60749022543082,
    "2025-03": 1.663183210314395,
    "2025-04": 1.691649970238107,
    "2025-05": 1.744028231815177,
    "2025-06": 1.692856331420536,
    "2025-07": 1.669515638709977,
    "2025-08": 1.682108677163624,
    "2025-09": 1.758042819481137,
    "2025-10": 1.790907718375469,
    "2025-11": 1.785894451339272,
    "2025-12": 1.730604743774732,
    "2026-01": 1.720899389851161,
    "2026-02": 1.526296791549144,
    "2026-03": 1.653788891198289,
    "2026-04": 1.653788891198289
  }
}